lat,lon,localizacao,classe,confianca,justificativa,n_imagens,data_inicio,data_fim,plataformas,thumbnail_url,stac_browser_url,stac_id_repr,thumbnail_carregada
19.42,-155.29,"Hawaii, United States",Vulcão / Atividade Geológica,Alta,"As coordenadas (19.42, -155.29) localizam-se no Hawaiʻi County, região conhecida por intensa atividade vulcânica incluindo o Kilauea e Mauna Loa. O monitoramento SAR extremamente intensivo (376 imagens em 308 dias) com alta resolução (0.273m) é característico do acompanhamento de atividade geológica dinâmica como fluxos de lava e deformação do terreno vulcânico.",376,2025-01-08,2025-11-12,capella-13,https://capella-open-data.s3.amazonaws.com/stac/capella-open-data-by-datetime/capella-open-data-2025/capella-open-data-2025-01/capella-open-data-2025-01-08/CAPELLA_C13_SP_GEO_HH_20250108020832_20250108020837/thumbnail.png,https://radiantearth.github.io/stac-browser/#/external/capella-open-data.s3.amazonaws.com/stac/capella-open-data-by-datetime/capella-open-data-2025/capella-open-data-2025-01/capella-open-data-2025-01-08/CAPELLA_C13_SP_GEO_HH_20250108020832_20250108020837/CAPELLA_C13_SP_GEO_HH_20250108020832_20250108020837.json,CAPELLA_C13_SP_GEO_HH_20250108020832_20250108020837,False
34.83,-118.07,"California, United States",Área de Mineração,Alta,"A localização no Kern County, Califórnia, é uma região conhecida por atividades de mineração e extração de petróleo. O monitoramento intensivo com 214 imagens em alta resolução (0.275m) e frequência de 2.3 dias indica acompanhamento de operações industriais ativas, típico de sites de mineração que requerem monitoramento contínuo de mudanças na superfície e operações.",214,2024-06-28,2025-11-08,"capella-14, capella-13",https://capella-open-data.s3.amazonaws.com/stac/capella-open-data-by-datetime/capella-open-data-2024/capella-open-data-2024-11/capella-open-data-2024-11-06/CAPELLA_C13_SP_GEO_HH_20241106140935_20241106140944/thumbnail.png,https://radiantearth.github.io/stac-browser/#/external/capella-open-data.s3.amazonaws.com/stac/capella-open-data-by-datetime/capella-open-data-2024/capella-open-data-2024-11/capella-open-data-2024-11-06/CAPELLA_C13_SP_GEO_HH_20241106140935_20241106140944/CAPELLA_C13_SP_GEO_HH_20241106140935_20241106140944.json,CAPELLA_C13_SP_GEO_HH_20241106140935_20241106140944,False
-23.18,118.77,"Newman, Western Australia, Australia",Área de Mineração,Alta,"O local é explicitamente identificado como 'West Angelas Mine' em região conhecida por mineração de ferro (Pilbara, Western Australia). O monitoramento SAR de alta resolução (0.33m) com múltiplas plataformas por mais de 3 anos sugere acompanhamento de operações de grande escala típicas de mineração a céu aberto.",200,2021-07-01,2024-09-17,"capella-3, capella-9, capella-10, capella-14",https://capella-open-data.s3.amazonaws.com/stac/capella-open-data-by-datetime/capella-open-data-2021/capella-open-data-2021-07/capella-open-data-2021-07-01/CAPELLA_C03_SP_GEO_HH_20210701014212_20210701014237/thumbnail.png,https://radiantearth.github.io/stac-browser/#/external/capella-open-data.s3.amazonaws.com/stac/capella-open-data-by-datetime/capella-open-data-2021/capella-open-data-2021-07/capella-open-data-2021-07-01/CAPELLA_C03_SP_GEO_HH_20210701014212_20210701014237/CAPELLA_C03_SP_GEO_HH_20210701014212_20210701014237.json,CAPELLA_C03_SP_GEO_HH_20210701014212_20210701014237,False
37.32,-121.87,"San Jose, California, United States",Zona Urbana,Alta,"Localização em bairro residencial de San Jose, Califórnia, em área urbana consolidada. O monitoramento SAR intensivo com alta resolução (0.27m) e frequência de 1.7 dias sugere acompanhamento de desenvolvimento urbano ou mudanças na infraestrutura local. A classificação como 'neighbourhood' no OpenStreetMap confirma tratar-se de zona urbana residencial.",176,2025-01-10,2025-11-11,capella-13,https://capella-open-data.s3.amazonaws.com/stac/capella-open-data-by-datetime/capella-open-data-2025/capella-open-data-2025-01/capella-open-data-2025-01-10/CAPELLA_C13_SP_GEO_HH_20250110214529_20250110214532/thumbnail.png,https://radiantearth.github.io/stac-browser/#/external/capella-open-data.s3.amazonaws.com/stac/capella-open-data-by-datetime/capella-open-data-2025/capella-open-data-2025-01/capella-open-data-2025-01-10/CAPELLA_C13_SP_GEO_HH_20250110214529_20250110214532/CAPELLA_C13_SP_GEO_HH_20250110214529_20250110214532.json,CAPELLA_C13_SP_GEO_HH_20250110214529_20250110214532,False
-21.75,122.24,"Western Australia, Australia",Área de Mineração,Alta,"A localização em Telfer, região de Pilbara na Austrália Ocidental, é mundialmente conhecida por suas operações de mineração de ouro e cobre. O monitoramento SAR intensivo (124 imagens em 305 dias) com alta resolução (0.275m) indica monitoramento operacional de uma grande instalação industrial, consistente com uma mina ativa que requer acompanhamento frequente de mudanças estruturais e operacionais.",124,2024-07-18,2025-05-19,"capella-14, capella-13",https://capella-open-data.s3.amazonaws.com/stac/capella-open-data-by-datetime/capella-open-data-2024/capella-open-data-2024-11/capella-open-data-2024-11-23/CAPELLA_C13_SP_GEO_HH_20241123120750_20241123120759/thumbnail.png,https://radiantearth.github.io/stac-browser/#/external/capella-open-data.s3.amazonaws.com/stac/capella-open-data-by-datetime/capella-open-data-2024/capella-open-data-2024-11/capella-open-data-2024-11-23/CAPELLA_C13_SP_GEO_HH_20241123120750_20241123120759/CAPELLA_C13_SP_GEO_HH_20241123120750_20241123120759.json,CAPELLA_C13_SP_GEO_HH_20241123120750_20241123120759,False
39.53,-121.52,"California, United States",Agricultura / Desmatamento,Média,"A localização no condado de Butte, Califórnia, uma região conhecida pela agricultura extensiva, combinada com o monitoramento intensivo de 67 imagens em 86 dias sugere acompanhamento de mudanças sazonais agrícolas ou eventos de desmatamento. A alta resolução (0.348m) e uso de múltiplas plataformas SAR indica necessidade de detectar alterações detalhadas na cobertura vegetal típicas do monitoramento agrícola ou ambiental.",67,2024-07-06,2024-10-01,"capella-14, capella-10, capella-9",https://capella-open-data.s3.amazonaws.com/stac/capella-open-data-by-datetime/capella-open-data-2024/capella-open-data-2024-07/capella-open-data-2024-07-06/CAPELLA_C14_SP_GEO_HH_20240706182021_20240706182055/thumbnail.png,https://radiantearth.github.io/stac-browser/#/external/capella-open-data.s3.amazonaws.com/stac/capella-open-data-by-datetime/capella-open-data-2024/capella-open-data-2024-07/capella-open-data-2024-07-06/CAPELLA_C14_SP_GEO_HH_20240706182021_20240706182055/CAPELLA_C14_SP_GEO_HH_20240706182021_20240706182055.json,CAPELLA_C14_SP_GEO_HH_20240706182021_20240706182055,False
-12.68,132.91,Australia,Agricultura / Desmatamento,Média,"A localização em Kakadu, região tropical do Northern Territory australiano, combinada com monitoramento SAR de alta resolução (0.329m) e frequência regular (6.3 dias) sugere monitoramento de mudanças na cobertura vegetal. O padrão de monitoramento é consistente com acompanhamento de atividades agrícolas ou desmatamento em área de preservação ambiental, especialmente considerando que Kakadu é uma região conhecida por sua importância ecológica.",40,2024-02-09,2024-10-13,"capella-9, capella-10",https://capella-open-data.s3.amazonaws.com/stac/capella-open-data-by-datetime/capella-open-data-2024/capella-open-data-2024-02/capella-open-data-2024-02-09/CAPELLA_C09_SP_GEO_HH_20240209051832_20240209051906/thumbnail.png,https://radiantearth.github.io/stac-browser/#/external/capella-open-data.s3.amazonaws.com/stac/capella-open-data-by-datetime/capella-open-data-2024/capella-open-data-2024-02/capella-open-data-2024-02-09/CAPELLA_C09_SP_GEO_HH_20240209051832_20240209051906/CAPELLA_C09_SP_GEO_HH_20240209051832_20240209051906.json,CAPELLA_C09_SP_GEO_HH_20240209051832_20240209051906,False
-30.43,136.83,"South Australia, Australia",Área de Mineração,Alta,"Olympic Dam é uma das maiores operações de mineração subterrânea do mundo, conhecida pela extração de cobre, urânio, ouro e prata. O monitoramento SAR de alta resolução (0.343m) com frequência regular de 5.5 dias é típico para acompanhar operações de grande escala industrial e mudanças na infraestrutura de mineração. A localização no interior árido da Austrália do Sul confirma tratar-se de uma instalação de mineração remota de grande importância econômica.",38,2024-02-23,2024-09-13,"capella-10, capella-9",https://capella-open-data.s3.amazonaws.com/stac/capella-open-data-by-datetime/capella-open-data-2024/capella-open-data-2024-02/capella-open-data-2024-02-23/CAPELLA_C10_SP_GEO_HH_20240223154927_20240223154956/thumbnail.png,https://radiantearth.github.io/stac-browser/#/external/capella-open-data.s3.amazonaws.com/stac/capella-open-data-by-datetime/capella-open-data-2024/capella-open-data-2024-02/capella-open-data-2024-02-23/CAPELLA_C10_SP_GEO_HH_20240223154927_20240223154956/CAPELLA_C10_SP_GEO_HH_20240223154927_20240223154956.json,CAPELLA_C10_SP_GEO_HH_20240223154927_20240223154956,False
-42.99,147.29,"Tasmania, Australia",Zona Urbana,Média,"A localização em Huntingfield, Tasmania, corresponde a uma área residencial suburbana que justificaria o monitoramento SAR de alta resolução (0.27m) e alta frequência. O padrão intensivo de 30 imagens em 13 dias sugere monitoramento de desenvolvimento urbano ou mudanças na infraestrutura local, típico de áreas em expansão ou com projetos de construção.",30,2025-03-06,2025-03-19,capella-13,https://capella-open-data.s3.amazonaws.com/stac/capella-open-data-by-datetime/capella-open-data-2025/capella-open-data-2025-03/capella-open-data-2025-03-06/CAPELLA_C13_SP_GEO_HH_20250306144636_20250306144707/thumbnail.png,https://radiantearth.github.io/stac-browser/#/external/capella-open-data.s3.amazonaws.com/stac/capella-open-data-by-datetime/capella-open-data-2025/capella-open-data-2025-03/capella-open-data-2025-03-06/CAPELLA_C13_SP_GEO_HH_20250306144636_20250306144707/CAPELLA_C13_SP_GEO_HH_20250306144636_20250306144707.json,CAPELLA_C13_SP_GEO_HH_20250306144636_20250306144707,False
19.4,-155.29,"Hawaii, United States",Vulcão / Atividade Geológica,Alta,"As coordenadas (19.4000, -155.2900) localizam-se na Ilha Grande do Havaí, região conhecida por intensa atividade vulcânica incluindo o Kilauea e Mauna Loa. O monitoramento SAR extremamente intensivo (30 imagens em 41 dias) com alta resolução (0.346m) e múltiplas plataformas indica monitoramento de fenômenos geológicos dinâmicos como fluxos de lava, deformação do terreno ou atividade sísmica. A frequência de aquisição de 1.4 dias é típica para monitoramento de vulcões ativos onde mudanças rápidas no terreno precisam ser detectadas.",30,2024-06-04,2024-07-15,"capella-14, capella-9, capella-10",https://capella-open-data.s3.amazonaws.com/stac/capella-open-data-by-datetime/capella-open-data-2024/capella-open-data-2024-06/capella-open-data-2024-06-07/CAPELLA_C14_SP_GEO_HH_20240607024429_20240607024457/thumbnail.png,https://radiantearth.github.io/stac-browser/#/external/capella-open-data.s3.amazonaws.com/stac/capella-open-data-by-datetime/capella-open-data-2024/capella-open-data-2024-06/capella-open-data-2024-06-07/CAPELLA_C14_SP_GEO_HH_20240607024429_20240607024457/CAPELLA_C14_SP_GEO_HH_20240607024429_20240607024457.json,CAPELLA_C14_SP_GEO_HH_20240607024429_20240607024457,False
41.33,2.18,España,Zona Urbana,Média,"Coordenadas apontam para região metropolitana de Barcelona, Espanha, uma das principais áreas urbanas do Mediterrâneo. O padrão de monitoramento SAR com múltiplas plataformas e resolução sub-métrica (0.449m) sugere monitoramento de infraestrutura urbana complexa. A frequência moderada de 20.8 dias e uso de várias plataformas Capella é típica para acompanhamento de desenvolvimento urbano ou mudanças de uso do solo em grandes centros urbanos.",16,2021-07-24,2022-06-01,"capella-3, capella-2, capella-5, capella-7, capella-8",https://capella-open-data.s3.amazonaws.com/stac/capella-open-data-by-datetime/capella-open-data-2021/capella-open-data-2021-07/capella-open-data-2021-07-24/CAPELLA_C03_SP_GEO_HH_20210724093428_20210724093452/thumbnail.png,https://radiantearth.github.io/stac-browser/#/external/capella-open-data.s3.amazonaws.com/stac/capella-open-data-by-datetime/capella-open-data-2021/capella-open-data-2021-07/capella-open-data-2021-07-24/CAPELLA_C03_SP_GEO_HH_20210724093428_20210724093452/CAPELLA_C03_SP_GEO_HH_20210724093428_20210724093452.json,CAPELLA_C03_SP_GEO_HH_20210724093428_20210724093452,False
42.23,-83.51,"Michigan, United States",Zona Urbana,Média,"A localização em Van Buren Charter Township, Wayne County, Michigan, indica uma área administrativa municipal próxima à região metropolitana de Detroit. O monitoramento com resolução de 0.369m e frequência moderada (34 dias) sugere acompanhamento de desenvolvimento urbano ou infraestrutura civil em área residencial/comercial suburbana.",16,2022-03-24,2023-08-20,capella-6,https://capella-open-data.s3.amazonaws.com/stac/capella-open-data-by-datetime/capella-open-data-2022/capella-open-data-2022-03/capella-open-data-2022-03-24/CAPELLA_C06_SP_GEO_VV_20220324132714_20220324132738/thumbnail.png,https://radiantearth.github.io/stac-browser/#/external/capella-open-data.s3.amazonaws.com/stac/capella-open-data-by-datetime/capella-open-data-2022/capella-open-data-2022-03/capella-open-data-2022-03-24/CAPELLA_C06_SP_GEO_VV_20220324132714_20220324132738/CAPELLA_C06_SP_GEO_VV_20220324132714_20220324132738.json,CAPELLA_C06_SP_GEO_VV_20220324132714_20220324132738,False
19.41,-155.28,"Hawaii, United States",Vulcão / Atividade Geológica,Alta,"As coordenadas (19.41, -155.28) localizam-se na Big Island do Havaí, região conhecida por intensa atividade vulcânica incluindo os vulcões Kilauea e Mauna Loa. O monitoramento SAR extremamente intensivo (14 imagens em 11 dias) com alta resolução (0.295m) e múltiplas plataformas indica monitoramento de fenômeno geológico dinâmico, característico do acompanhamento de atividade vulcânica que requer observação contínua para detecção de mudanças na superfície e fluxos de lava.",14,2025-08-14,2025-08-25,"capella-13, capella-14",https://capella-open-data.s3.amazonaws.com/stac/capella-open-data-by-datetime/capella-open-data-2025/capella-open-data-2025-08/capella-open-data-2025-08-14/CAPELLA_C13_SP_GEO_VV_20250814113036_20250814113118/thumbnail.png,https://radiantearth.github.io/stac-browser/#/external/capella-open-data.s3.amazonaws.com/stac/capella-open-data-by-datetime/capella-open-data-2025/capella-open-data-2025-08/capella-open-data-2025-08-14/CAPELLA_C13_SP_GEO_VV_20250814113036_20250814113118/CAPELLA_C13_SP_GEO_VV_20250814113036_20250814113118.json,CAPELLA_C13_SP_GEO_VV_20250814113036_20250814113118,False
34.8,-118.08,"California, United States",Zona Urbana,Alta,"As coordenadas apontam para Los Angeles County, California, uma das maiores áreas metropolitanas dos EUA. O monitoramento com alta resolução (0.357m) e frequência moderada (34.5 dias) é típico para acompanhamento de desenvolvimento urbano e mudanças na infraestrutura de grandes centros urbanos. A ausência de características específicas de outras categorias reforça a classificação como zona urbana.",12,2022-05-31,2023-06-16,"capella-5, capella-7",https://capella-open-data.s3.amazonaws.com/stac/capella-open-data-by-datetime/capella-open-data-2022/capella-open-data-2022-05/capella-open-data-2022-05-31/CAPELLA_C05_SP_GEO_VV_20220531093311_20220531093332/thumbnail.png,https://radiantearth.github.io/stac-browser/#/external/capella-open-data.s3.amazonaws.com/stac/capella-open-data-by-datetime/capella-open-data-2022/capella-open-data-2022-05/capella-open-data-2022-05-31/CAPELLA_C05_SP_GEO_VV_20220531093311_20220531093332/CAPELLA_C05_SP_GEO_VV_20220531093311_20220531093332.json,CAPELLA_C05_SP_GEO_VV_20220531093311_20220531093332,False
-20.42,118.58,"Western Australia, Australia",Área de Mineração,Alta,"A localização em South Hedland, região de Pilbara na Austrália Ocidental, é mundialmente conhecida por suas operações de mineração de ferro em larga escala. O monitoramento SAR de alta resolução (0.394m) com frequência semanal é consistente com o acompanhamento de atividades industriais de mineração, incluindo movimentação de equipamentos pesados e alterações na topografia das minas.",10,2021-07-08,2021-09-17,capella-3,https://capella-open-data.s3.amazonaws.com/stac/capella-open-data-by-datetime/capella-open-data-2021/capella-open-data-2021-07/capella-open-data-2021-07-16/CAPELLA_C03_SP_GEO_HH_20210716133809_20210716133832/thumbnail.png,https://radiantearth.github.io/stac-browser/#/external/capella-open-data.s3.amazonaws.com/stac/capella-open-data-by-datetime/capella-open-data-2021/capella-open-data-2021-07/capella-open-data-2021-07-16/CAPELLA_C03_SP_GEO_HH_20210716133809_20210716133832/CAPELLA_C03_SP_GEO_HH_20210716133809_20210716133832.json,CAPELLA_C03_SP_GEO_HH_20210716133809_20210716133832,False
19.39,-155.28,"Hawaii, United States",Vulcão / Atividade Geológica,Alta,"As coordenadas localizam-se na Big Island do Havaí, região de intensa atividade vulcânica incluindo o Kilauea e Mauna Loa. O monitoramento SAR de alta resolução (0.27m) com frequência regular é típico para acompanhamento de deformação do solo, fluxos de lava e mudanças topográficas em vulcões ativos. A ausência de artigos Wikipedia em 100km indica área remota/natural, consistente com zonas vulcânicas.",10,2025-01-19,2025-03-07,capella-13,https://capella-open-data.s3.amazonaws.com/stac/capella-open-data-by-datetime/capella-open-data-2025/capella-open-data-2025-01/capella-open-data-2025-01-19/CAPELLA_C13_SP_GEO_HH_20250119131922_20250119131935/thumbnail.png,https://radiantearth.github.io/stac-browser/#/external/capella-open-data.s3.amazonaws.com/stac/capella-open-data-by-datetime/capella-open-data-2025/capella-open-data-2025-01/capella-open-data-2025-01-19/CAPELLA_C13_SP_GEO_HH_20250119131922_20250119131935/CAPELLA_C13_SP_GEO_HH_20250119131922_20250119131935.json,CAPELLA_C13_SP_GEO_HH_20250119131922_20250119131935,False
38.38,-0.41,"Alacant / Alicante, Comunitat Valenciana, España",Área Portuária,Alta,"A localização em Alicante, uma importante cidade portuária mediterrânea da Espanha, combinada com o monitoramento SAR de alta resolução (0.25m) em frequência regular (a cada 3.2 dias) é altamente consistente com monitoramento de atividade portuária. A região mediterrânea e o contexto urbano-costeiro de Alicante reforçam a classificação como área portuária, onde o monitoramento SAR é utilizado para acompanhar movimentação de navios e operações portuárias.",10,2025-05-08,2025-06-07,capella-13,https://capella-open-data.s3.amazonaws.com/stac/capella-open-data-by-datetime/capella-open-data-2025/capella-open-data-2025-05/capella-open-data-2025-05-29/CAPELLA_C13_SP_GEO_HH_20250529120751_20250529120800/thumbnail.png,https://radiantearth.github.io/stac-browser/#/external/capella-open-data.s3.amazonaws.com/stac/capella-open-data-by-datetime/capella-open-data-2025/capella-open-data-2025-05/capella-open-data-2025-05-29/CAPELLA_C13_SP_GEO_HH_20250529120751_20250529120800/CAPELLA_C13_SP_GEO_HH_20250529120751_20250529120800.json,CAPELLA_C13_SP_GEO_HH_20250529120751_20250529120800,False
43.14,-77.5,"Town of Penfield, New York, United States",Zona Urbana,Média,"Localização em área residencial suburbana de Monroe County, New York, classificada como hamlet no OSM. O monitoramento intensivo com alta resolução (0.295m) por 23 dias sugere análise de desenvolvimento urbano ou mudanças na infraestrutura local, típico de áreas em expansão ou com projetos de construção.",10,2025-08-20,2025-09-12,capella-13,https://capella-open-data.s3.amazonaws.com/stac/capella-open-data-by-datetime/capella-open-data-2025/capella-open-data-2025-08/capella-open-data-2025-08-20/CAPELLA_C13_SP_GEO_VV_20250820043924_20250820044008/thumbnail.png,https://radiantearth.github.io/stac-browser/#/external/capella-open-data.s3.amazonaws.com/stac/capella-open-data-by-datetime/capella-open-data-2025/capella-open-data-2025-08/capella-open-data-2025-08-20/CAPELLA_C13_SP_GEO_VV_20250820043924_20250820044008/CAPELLA_C13_SP_GEO_VV_20250820043924_20250820044008.json,CAPELLA_C13_SP_GEO_VV_20250820043924_20250820044008,False
-33.86,151.22,"Sydney, New South Wales, Australia",Zona Urbana,Alta,"Localização em área suburbana densamente povoada de Sydney (Centennial Park), com monitoramento SAR intensivo de alta resolução (0.27m) por 8 dias consecutivos. A frequência de coleta extremamente alta (1.1 dias) sugere monitoramento de mudanças urbanas ou eventos específicos em zona metropolitana consolidada.",8,2024-11-13,2024-11-22,capella-13,https://capella-open-data.s3.amazonaws.com/stac/capella-open-data-by-datetime/capella-open-data-2024/capella-open-data-2024-11/capella-open-data-2024-11-13/CAPELLA_C13_SP_GEO_HH_20241113132634_20241113132642/thumbnail.png,https://radiantearth.github.io/stac-browser/#/external/capella-open-data.s3.amazonaws.com/stac/capella-open-data-by-datetime/capella-open-data-2024/capella-open-data-2024-11/capella-open-data-2024-11-13/CAPELLA_C13_SP_GEO_HH_20241113132634_20241113132642/CAPELLA_C13_SP_GEO_HH_20241113132634_20241113132642.json,CAPELLA_C13_SP_GEO_HH_20241113132634_20241113132642,False
-27.48,153.02,"Brisbane, Queensland, Australia",Área Portuária,Alta,"A localização em South Brisbane, nas margens do rio Brisbane próximo ao CBD, combinada com monitoramento SAR intensivo de alta resolução (0.275m) a cada 1.1 dias, indica atividade portuária significativa. Esta área abriga o Porto de Brisbane e terminais fluviais com movimentação constante de embarcações e cargas, justificando o padrão de monitoramento frequente para acompanhar operações logísticas e mudanças na infraestrutura portuária.",8,2025-07-30,2025-08-08,capella-13,https://capella-open-data.s3.amazonaws.com/stac/capella-open-data-by-datetime/capella-open-data-2025/capella-open-data-2025-07/capella-open-data-2025-07-30/CAPELLA_C13_SP_GEO_HH_20250730075534_20250730075603/thumbnail.png,https://radiantearth.github.io/stac-browser/#/external/capella-open-data.s3.amazonaws.com/stac/capella-open-data-by-datetime/capella-open-data-2025/capella-open-data-2025-07/capella-open-data-2025-07-30/CAPELLA_C13_SP_GEO_HH_20250730075534_20250730075603/CAPELLA_C13_SP_GEO_HH_20250730075534_20250730075603.json,CAPELLA_C13_SP_GEO_HH_20250730075534_20250730075603,False
-23.49,148.85,"Queensland, Australia",Área de Mineração,Alta,"O endereço identifica explicitamente 'Curragh Mine' em Blackwater, Queensland, região conhecida por mineração de carvão. O tipo de uso do solo é classificado como 'industrial' e a localização no interior de Queensland confirma atividade de mineração a céu aberto típica da região.",8,2025-03-19,2025-05-03,capella-13,https://capella-open-data.s3.amazonaws.com/stac/capella-open-data-by-datetime/capella-open-data-2025/capella-open-data-2025-03/capella-open-data-2025-03-19/CAPELLA_C13_SP_GEO_HH_20250319173551_20250319173630/thumbnail.png,https://radiantearth.github.io/stac-browser/#/external/capella-open-data.s3.amazonaws.com/stac/capella-open-data-by-datetime/capella-open-data-2025/capella-open-data-2025-03/capella-open-data-2025-03-19/CAPELLA_C13_SP_GEO_HH_20250319173551_20250319173630/CAPELLA_C13_SP_GEO_HH_20250319173551_20250319173630.json,CAPELLA_C13_SP_GEO_HH_20250319173551_20250319173630,False
19.41,-155.27,"Hawaii, United States",Vulcão / Atividade Geológica,Alta,"As coordenadas localizam-se na Big Island do Havaí, região mundialmente conhecida por intensa atividade vulcânica incluindo o Kilauea e Mauna Loa. O monitoramento SAR de alta resolução (0.284m) com múltiplas plataformas e frequência regular é típico para acompanhar fluxos de lava, deformação do solo e mudanças topográficas em vulcões ativos.",8,2025-01-04,2025-03-10,"capella-13, capella-10, capella-14",https://capella-open-data.s3.amazonaws.com/stac/capella-open-data-by-datetime/capella-open-data-2025/capella-open-data-2025-01/capella-open-data-2025-01-04/CAPELLA_C13_SP_GEO_HH_20250104043955_20250104044006/thumbnail.png,https://radiantearth.github.io/stac-browser/#/external/capella-open-data.s3.amazonaws.com/stac/capella-open-data-by-datetime/capella-open-data-2025/capella-open-data-2025-01/capella-open-data-2025-01-04/CAPELLA_C13_SP_GEO_HH_20250104043955_20250104044006/CAPELLA_C13_SP_GEO_HH_20250104043955_20250104044006.json,CAPELLA_C13_SP_GEO_HH_20250104043955_20250104044006,False
34.8,-118.06,"California, United States",Zona Urbana,Alta,"As coordenadas (34.8000, -118.0600) localizam-se no condado de Los Angeles, California, uma das maiores áreas metropolitanas dos EUA. O padrão de monitoramento SAR com frequência moderada (28,6 dias) e resolução submétrica (0,425m) indica monitoramento de desenvolvimento urbano ou mudanças na infraestrutura metropolitana, típico para áreas urbanas densas.",8,2021-03-13,2021-09-30,capella-3,https://capella-open-data.s3.amazonaws.com/stac/capella-open-data-by-datetime/capella-open-data-2021/capella-open-data-2021-09/capella-open-data-2021-09-20/CAPELLA_C03_SP_GEO_HH_20210920051805_20210920051827/thumbnail.png,https://radiantearth.github.io/stac-browser/#/external/capella-open-data.s3.amazonaws.com/stac/capella-open-data-by-datetime/capella-open-data-2021/capella-open-data-2021-09/capella-open-data-2021-09-20/CAPELLA_C03_SP_GEO_HH_20210920051805_20210920051827/CAPELLA_C03_SP_GEO_HH_20210920051805_20210920051827.json,CAPELLA_C03_SP_GEO_HH_20210920051805_20210920051827,False
35.27,-75.52,"North Carolina, United States",Costa / Oceano,Alta,"A localização em Dare County, Carolina do Norte, corresponde aos Outer Banks, uma região costeira conhecida por suas praias e comunidades litorâneas. O monitoramento SAR com alta resolução (0.35m) e múltiplas plataformas sugere acompanhamento de dinâmica costeira, erosão ou mudanças na linha de costa, típico desta área geograficamente vulnerável.",8,2024-05-09,2024-08-17,"capella-10, capella-14, capella-9",https://capella-open-data.s3.amazonaws.com/stac/capella-open-data-by-datetime/capella-open-data-2024/capella-open-data-2024-05/capella-open-data-2024-05-09/CAPELLA_C10_SP_GEO_HH_20240509150102_20240509150132/thumbnail.png,https://radiantearth.github.io/stac-browser/#/external/capella-open-data.s3.amazonaws.com/stac/capella-open-data-by-datetime/capella-open-data-2024/capella-open-data-2024-05/capella-open-data-2024-05-09/CAPELLA_C10_SP_GEO_HH_20240509150102_20240509150132/CAPELLA_C10_SP_GEO_HH_20240509150102_20240509150132.json,CAPELLA_C10_SP_GEO_HH_20240509150102_20240509150132,False
38.33,-77.04,"Dahlgren Center, Virginia, United States",Base Militar,Alta,"A localização em Dahlgren Center, Virginia, corresponde ao Naval Surface Warfare Center Dahlgren Division, uma importante instalação de pesquisa e desenvolvimento naval dos EUA. O monitoramento SAR com alta resolução (0.353m) e múltiplas plataformas indica interesse em instalações militares sensíveis, característico de monitoramento de defesa.",8,2022-10-11,2023-02-24,"capella-3, capella-5, capella-8",https://capella-open-data.s3.amazonaws.com/stac/capella-open-data-by-datetime/capella-open-data-2022/capella-open-data-2022-10/capella-open-data-2022-10-11/CAPELLA_C03_SP_GEO_VV_20221011145414_20221011145436/thumbnail.png,https://radiantearth.github.io/stac-browser/#/external/capella-open-data.s3.amazonaws.com/stac/capella-open-data-by-datetime/capella-open-data-2022/capella-open-data-2022-10/capella-open-data-2022-10-11/CAPELLA_C03_SP_GEO_VV_20221011145414_20221011145436/CAPELLA_C03_SP_GEO_VV_20221011145414_20221011145436.json,CAPELLA_C03_SP_GEO_VV_20221011145414_20221011145436,False
38.38,-0.42,"Alacant / Alicante, Comunitat Valenciana, España",Área Portuária,Alta,"A localização em Alicante, importante cidade portuária do Mediterrâneo espanhol, combinada com monitoramento SAR intensivo (a cada 2.8 dias) e alta resolução (0.32m) indica monitoramento de atividades portuárias dinâmicas. O padrão de frequência elevada é típico para acompanhar movimentação de navios, operações de carga/descarga e mudanças estruturais em terminais portuários.",7,2025-05-08,2025-05-26,capella-13,https://capella-open-data.s3.amazonaws.com/stac/capella-open-data-by-datetime/capella-open-data-2025/capella-open-data-2025-05/capella-open-data-2025-05-08/CAPELLA_C13_SP_GEO_HH_20250508193043_20250508193052/thumbnail.png,https://radiantearth.github.io/stac-browser/#/external/capella-open-data.s3.amazonaws.com/stac/capella-open-data-by-datetime/capella-open-data-2025/capella-open-data-2025-05/capella-open-data-2025-05-08/CAPELLA_C13_SP_GEO_HH_20250508193043_20250508193052/CAPELLA_C13_SP_GEO_HH_20250508193043_20250508193052.json,CAPELLA_C13_SP_GEO_HH_20250508193043_20250508193052,False
-25.35,131.03,Australia,Outro / Indeterminado,Baixa,"Localização no centro árido da Austrália (Petermann, Northern Territory) com monitoramento SAR intensivo de alta resolução sugere atividade específica, mas sem contexto histórico ou thumbnail disponível. A região remota do outback australiano e padrão de monitoramento diário indicam possível interesse em fenômenos geológicos ou instalações isoladas não categorizáveis pelos dados disponíveis.",6,2025-07-28,2025-08-03,capella-13,https://capella-open-data.s3.amazonaws.com/stac/capella-open-data-by-datetime/capella-open-data-2025/capella-open-data-2025-07/capella-open-data-2025-07-28/CAPELLA_C13_SP_GEO_HH_20250728104759_20250728104833/thumbnail.png,https://radiantearth.github.io/stac-browser/#/external/capella-open-data.s3.amazonaws.com/stac/capella-open-data-by-datetime/capella-open-data-2025/capella-open-data-2025-07/capella-open-data-2025-07-28/CAPELLA_C13_SP_GEO_HH_20250728104759_20250728104833/CAPELLA_C13_SP_GEO_HH_20250728104759_20250728104833.json,CAPELLA_C13_SP_GEO_HH_20250728104759_20250728104833,False
-14.51,132.38,"Tindal, Australia",Base Militar,Alta,"A localização em Tindal, Northern Territory, corresponde à RAAF Base Tindal, uma importante base aérea militar australiana. O padrão de monitoramento com alta resolução (0.34m) e múltiplas plataformas SAR indica interesse em infraestrutura militar sensível, consistente com o monitoramento de instalações de defesa e aeronaves militares.",6,2023-05-07,2023-11-24,"capella-10, capella-9",https://capella-open-data.s3.amazonaws.com/stac/capella-open-data-by-datetime/capella-open-data-2023/capella-open-data-2023-05/capella-open-data-2023-05-07/CAPELLA_C10_SP_GEO_HH_20230507162051_20230507162119/thumbnail.png,https://radiantearth.github.io/stac-browser/#/external/capella-open-data.s3.amazonaws.com/stac/capella-open-data-by-datetime/capella-open-data-2023/capella-open-data-2023-05/capella-open-data-2023-05-07/CAPELLA_C10_SP_GEO_HH_20230507162051_20230507162119/CAPELLA_C10_SP_GEO_HH_20230507162051_20230507162119.json,CAPELLA_C10_SP_GEO_HH_20230507162051_20230507162119,False
36.9,-6.05,"Lebrija, Andalucía, España",Agricultura / Desmatamento,Alta,"Lebrija está localizada na região agrícola de Andalucía, Espanha, conhecida por suas extensas áreas de cultivo. O monitoramento intensivo com alta resolução (0.342m) a cada 2 dias sugere acompanhamento de atividades agrícolas sazonais ou mudanças no uso do solo rural, típico para monitoramento de safras ou possível conversão de terras.",6,2023-01-02,2023-01-12,capella-8,https://capella-open-data.s3.amazonaws.com/stac/capella-open-data-by-datetime/capella-open-data-2023/capella-open-data-2023-01/capella-open-data-2023-01-02/CAPELLA_C08_SP_GEO_HH_20230102102719_20230102102743/thumbnail.png,https://radiantearth.github.io/stac-browser/#/external/capella-open-data.s3.amazonaws.com/stac/capella-open-data-by-datetime/capella-open-data-2023/capella-open-data-2023-01/capella-open-data-2023-01-02/CAPELLA_C08_SP_GEO_HH_20230102102719_20230102102743/CAPELLA_C08_SP_GEO_HH_20230102102719_20230102102743.json,CAPELLA_C08_SP_GEO_HH_20230102102719_20230102102743,False
37.82,-122.48,"San Francisco, California, United States",Área Portuária,Alta,"As coordenadas (37.8200, -122.4800) correspondem exatamente à região da Baía de San Francisco, uma das principais áreas portuárias da Costa Oeste americana. O monitoramento SAR intensivo com alta resolução (0.27m) e frequência elevada (a cada 2.2 dias) é característico do acompanhamento de atividades portuárias comerciais de grande volume, incluindo movimentação de contêineres e tráfego de navios cargueiros.",6,2024-11-12,2024-11-24,capella-13,https://capella-open-data.s3.amazonaws.com/stac/capella-open-data-by-datetime/capella-open-data-2024/capella-open-data-2024-11/capella-open-data-2024-11-12/CAPELLA_C13_SP_GEO_HH_20241112185032_20241112185042/thumbnail.png,https://radiantearth.github.io/stac-browser/#/external/capella-open-data.s3.amazonaws.com/stac/capella-open-data-by-datetime/capella-open-data-2024/capella-open-data-2024-11/capella-open-data-2024-11-12/CAPELLA_C13_SP_GEO_HH_20241112185032_20241112185042/CAPELLA_C13_SP_GEO_HH_20241112185032_20241112185042.json,CAPELLA_C13_SP_GEO_HH_20241112185032_20241112185042,False
-30.77,121.51,"Kalgoorlie, Western Australia, Australia",Área de Mineração,Alta,"Os dados do OpenStreetMap identificam explicitamente o local como 'Kalgoorlie Consolidated Gold Mine', uma das maiores minas de ouro da Austrália. A localização em Western Australia, região conhecida pela intensa atividade mineradora, e o monitoramento SAR de alta resolução (0.325m) são consistentes com o acompanhamento de operações de mineração em larga escala.",4,2023-04-21,2023-05-16,capella-8,https://capella-open-data.s3.amazonaws.com/stac/capella-open-data-by-datetime/capella-open-data-2023/capella-open-data-2023-04/capella-open-data-2023-04-21/CAPELLA_C08_SP_GEO_HH_20230421135351_20230421135415/thumbnail.png,https://radiantearth.github.io/stac-browser/#/external/capella-open-data.s3.amazonaws.com/stac/capella-open-data-by-datetime/capella-open-data-2023/capella-open-data-2023-04/capella-open-data-2023-04-21/CAPELLA_C08_SP_GEO_HH_20230421135351_20230421135415/CAPELLA_C08_SP_GEO_HH_20230421135351_20230421135415.json,CAPELLA_C08_SP_GEO_HH_20230421135351_20230421135415,False
-28.82,122.41,"Laverton, Western Australia, Australia",Área de Mineração,Alta,"A localização em Laverton, Western Australia, está situada na região de Pilbara conhecida mundialmente por operações de mineração de ouro e outros minerais. O monitoramento SAR de alta resolução (0.325m) com frequência regular de 10 dias é típico para acompanhamento de atividades de extração mineral e mudanças topográficas em minas ativas.",4,2023-10-17,2023-11-16,capella-10,https://capella-open-data.s3.amazonaws.com/stac/capella-open-data-by-datetime/capella-open-data-2023/capella-open-data-2023-10/capella-open-data-2023-10-17/CAPELLA_C10_SP_GEO_HH_20231017061809_20231017061846/thumbnail.png,https://radiantearth.github.io/stac-browser/#/external/capella-open-data.s3.amazonaws.com/stac/capella-open-data-by-datetime/capella-open-data-2023/capella-open-data-2023-10/capella-open-data-2023-10-17/CAPELLA_C10_SP_GEO_HH_20231017061809_20231017061846/CAPELLA_C10_SP_GEO_HH_20231017061809_20231017061846.json,CAPELLA_C10_SP_GEO_HH_20231017061809_20231017061846,False
-20.73,121.74,"Western Australia, Australia",Área de Mineração,Alta,"A localização em Telfer, região de Pilbara na Austrália Ocidental, é historicamente conhecida por grandes operações de mineração de ouro e cobre. O monitoramento SAR com alta resolução (0.325m) e múltiplas plataformas sugere acompanhamento de atividades industriais de grande escala típicas de complexos minerários. A região do Shire of East Pilbara é um dos principais distritos de mineração da Austrália.",4,2023-09-01,2023-09-13,"capella-10, capella-9",https://capella-open-data.s3.amazonaws.com/stac/capella-open-data-by-datetime/capella-open-data-2023/capella-open-data-2023-09/capella-open-data-2023-09-01/CAPELLA_C10_SP_GEO_HH_20230901170639_20230901170715/thumbnail.png,https://radiantearth.github.io/stac-browser/#/external/capella-open-data.s3.amazonaws.com/stac/capella-open-data-by-datetime/capella-open-data-2023/capella-open-data-2023-09/capella-open-data-2023-09-01/CAPELLA_C10_SP_GEO_HH_20230901170639_20230901170715/CAPELLA_C10_SP_GEO_HH_20230901170639_20230901170715.json,CAPELLA_C10_SP_GEO_HH_20230901170639_20230901170715,False
19.36,-155.21,"Hawaii, United States",Vulcão / Atividade Geológica,Alta,"As coordenadas indicam localização na Big Island do Havaí, região conhecida por intensa atividade vulcânica incluindo o Kilauea e Mauna Loa. O monitoramento SAR de alta resolução (0.283m) com frequência regular é típico para acompanhamento de deformação do solo e fluxos de lava em vulcões ativos. A ausência de artigos Wikipedia em raio de 100km sugere área remota/natural, consistente com zonas vulcânicas ativas.",4,2024-08-06,2024-09-14,capella-10,https://capella-open-data.s3.amazonaws.com/stac/capella-open-data-by-datetime/capella-open-data-2024/capella-open-data-2024-08/capella-open-data-2024-08-06/CAPELLA_C10_SP_GEO_HH_20240806084128_20240806084159/thumbnail.png,https://radiantearth.github.io/stac-browser/#/external/capella-open-data.s3.amazonaws.com/stac/capella-open-data-by-datetime/capella-open-data-2024/capella-open-data-2024-08/capella-open-data-2024-08-06/CAPELLA_C10_SP_GEO_HH_20240806084128_20240806084159/CAPELLA_C10_SP_GEO_HH_20240806084128_20240806084159.json,CAPELLA_C10_SP_GEO_HH_20240806084128_20240806084159,False
19.41,-155.29,"Hawaii, United States",Vulcão / Atividade Geológica,Alta,"As coordenadas (19.41, -155.29) localizam-se na Big Island do Havaí, região conhecida pelos vulcões ativos Kilauea e Mauna Loa. O monitoramento SAR intensivo com alta resolução (0.38m) e múltiplas plataformas indica monitoramento de atividade vulcânica, essencial para detecção de deformações do solo e fluxos de lava em tempo quase real.",4,2024-06-04,2024-06-12,"capella-14, capella-9, capella-10",https://capella-open-data.s3.amazonaws.com/stac/capella-open-data-by-datetime/capella-open-data-2024/capella-open-data-2024-06/capella-open-data-2024-06-04/CAPELLA_C14_SP_GEO_HH_20240604035617_20240604035645/thumbnail.png,https://radiantearth.github.io/stac-browser/#/external/capella-open-data.s3.amazonaws.com/stac/capella-open-data-by-datetime/capella-open-data-2024/capella-open-data-2024-06/capella-open-data-2024-06-04/CAPELLA_C14_SP_GEO_HH_20240604035617_20240604035645/CAPELLA_C14_SP_GEO_HH_20240604035617_20240604035645.json,CAPELLA_C14_SP_GEO_HH_20240604035617_20240604035645,False
34.06,-118.68,"Unincorporated Santa Monica Mountains, California, United States",Outro / Indeterminado,Baixa,"Localização em área montanhosa não incorporada das Santa Monica Mountains com monitoramento SAR intensivo (4 imagens em 2 dias) e alta resolução (0.27m) sugere evento específico ou mudança significante. Sem thumbnail disponível e ausência de contexto Wikipedia, não é possível determinar se trata-se de deslizamento de terra, incêndio florestal, ou outra atividade que justifique o monitoramento frequente nesta região natural.",4,2024-12-11,2024-12-14,capella-13,https://capella-open-data.s3.amazonaws.com/stac/capella-open-data-by-datetime/capella-open-data-2024/capella-open-data-2024-12/capella-open-data-2024-12-11/CAPELLA_C13_SP_GEO_HH_20241211094727_20241211094738/thumbnail.png,https://radiantearth.github.io/stac-browser/#/external/capella-open-data.s3.amazonaws.com/stac/capella-open-data-by-datetime/capella-open-data-2024/capella-open-data-2024-12/capella-open-data-2024-12-11/CAPELLA_C13_SP_GEO_HH_20241211094727_20241211094738/CAPELLA_C13_SP_GEO_HH_20241211094727_20241211094738.json,CAPELLA_C13_SP_GEO_HH_20241211094727_20241211094738,False
34.07,-118.24,"Los Angeles, California, United States",Zona Urbana,Alta,"A localização em Angeleno Heights, Echo Park, Los Angeles indica claramente área urbana densamente povoada. O monitoramento intensivo com alta resolução (0.295m) e frequência de 0.7 dias sugere monitoramento de infraestrutura urbana crítica ou desenvolvimento imobiliário em região metropolitana consolidada.",4,2025-08-30,2025-09-02,capella-13,https://capella-open-data.s3.amazonaws.com/stac/capella-open-data-by-datetime/capella-open-data-2025/capella-open-data-2025-08/capella-open-data-2025-08-30/CAPELLA_C13_SP_GEO_HH_20250830031430_20250830031509/thumbnail.png,https://radiantearth.github.io/stac-browser/#/external/capella-open-data.s3.amazonaws.com/stac/capella-open-data-by-datetime/capella-open-data-2025/capella-open-data-2025-08/capella-open-data-2025-08-30/CAPELLA_C13_SP_GEO_HH_20250830031430_20250830031509/CAPELLA_C13_SP_GEO_HH_20250830031430_20250830031509.json,CAPELLA_C13_SP_GEO_HH_20250830031430_20250830031509,False
36.15,-5.38,Gibraltar,Base Militar,Alta,"Gibraltar é um território britânico ultramarino estratégico na entrada do Mediterrâneo, historicamente importante para operações militares e navais. O monitoramento SAR intensivo com alta resolução (0.27m) durante apenas 2 dias sugere interesse em atividades militares ou de defesa específicas. A localização geográfica e o padrão de monitoramento são consistentes com instalações militares de alta importância estratégica.",4,2025-09-23,2025-09-26,capella-13,https://capella-open-data.s3.amazonaws.com/stac/capella-open-data-by-datetime/capella-open-data-2025/capella-open-data-2025-09/capella-open-data-2025-09-23/CAPELLA_C13_SP_GEO_HH_20250923192508_20250923192516/thumbnail.png,https://radiantearth.github.io/stac-browser/#/external/capella-open-data.s3.amazonaws.com/stac/capella-open-data-by-datetime/capella-open-data-2025/capella-open-data-2025-09/capella-open-data-2025-09-23/CAPELLA_C13_SP_GEO_HH_20250923192508_20250923192516/CAPELLA_C13_SP_GEO_HH_20250923192508_20250923192516.json,CAPELLA_C13_SP_GEO_HH_20250923192508_20250923192516,False
36.99,-6.09,"Lebrija, Andalucía, España",Agricultura / Desmatamento,Alta,"Lebrija está localizada na região de Andalucía, Espanha, uma área conhecida pela intensa atividade agrícola. O monitoramento SAR intensivo com alta resolução (0.38m) e frequência de 1.3 dias sugere acompanhamento de mudanças na cobertura vegetal ou práticas agrícolas sazonais. A ausência de infraestrutura portuária, militar ou industrial na região reforça a classificação agrícola.",4,2022-11-19,2022-11-23,"capella-3, capella-8",https://capella-open-data.s3.amazonaws.com/stac/capella-open-data-by-datetime/capella-open-data-2022/capella-open-data-2022-11/capella-open-data-2022-11-19/CAPELLA_C03_SP_GEO_VV_20221119101221_20221119101243/thumbnail.png,https://radiantearth.github.io/stac-browser/#/external/capella-open-data.s3.amazonaws.com/stac/capella-open-data-by-datetime/capella-open-data-2022/capella-open-data-2022-11/capella-open-data-2022-11-19/CAPELLA_C03_SP_GEO_VV_20221119101221_20221119101243/CAPELLA_C03_SP_GEO_VV_20221119101221_20221119101243.json,CAPELLA_C03_SP_GEO_VV_20221119101221_20221119101243,False
37.08,-76.36,"Hampton, Virginia, United States",Base Militar,Alta,"Hampton, Virginia é uma região conhecida por abrigar importantes instalações militares americanas, incluindo a Base da Força Aérea Langley e o Centro de Pesquisa Langley da NASA. O monitoramento SAR de alta resolução (0.4m) com frequência regular sugere monitoramento de infraestrutura crítica de defesa nacional.",4,2021-09-04,2022-05-18,capella-2,https://capella-open-data.s3.amazonaws.com/stac/capella-open-data-by-datetime/capella-open-data-2021/capella-open-data-2021-09/capella-open-data-2021-09-04/CAPELLA_C02_SP_GEO_HH_20210904014246_20210904014312/thumbnail.png,https://radiantearth.github.io/stac-browser/#/external/capella-open-data.s3.amazonaws.com/stac/capella-open-data-by-datetime/capella-open-data-2021/capella-open-data-2021-09/capella-open-data-2021-09-04/CAPELLA_C02_SP_GEO_HH_20210904014246_20210904014312/CAPELLA_C02_SP_GEO_HH_20210904014246_20210904014312.json,CAPELLA_C02_SP_GEO_HH_20210904014246_20210904014312,False
38.98,-74.91,"Lower Township, New Jersey, United States",Costa / Oceano,Alta,"A localização em Cape May County, New Jersey, indica uma região costeira atlântica. O padrão de monitoramento com alta resolução (0.325m) e frequência regular sugere monitoramento de dinâmica costeira ou mudanças no litoral, típico para áreas de interface água/terra sem infraestrutura portuária significativa em uma pequena comunidade hamlet.",4,2024-03-19,2024-04-04,"capella-9, capella-10",https://capella-open-data.s3.amazonaws.com/stac/capella-open-data-by-datetime/capella-open-data-2024/capella-open-data-2024-03/capella-open-data-2024-03-19/CAPELLA_C09_SP_GEO_HH_20240319095913_20240319095945/thumbnail.png,https://radiantearth.github.io/stac-browser/#/external/capella-open-data.s3.amazonaws.com/stac/capella-open-data-by-datetime/capella-open-data-2024/capella-open-data-2024-03/capella-open-data-2024-03-19/CAPELLA_C09_SP_GEO_HH_20240319095913_20240319095945/CAPELLA_C09_SP_GEO_HH_20240319095913_20240319095945.json,CAPELLA_C09_SP_GEO_HH_20240319095913_20240319095945,False
39.23,-75.02,"Maurice River Township, New Jersey, United States",Costa / Oceano,Média,"A localização em Maurice River Township, Cumberland County, New Jersey, indica uma área costeira próxima à foz do Rio Maurice na Baía de Delaware. O monitoramento SAR com resolução de 0.38m e frequência quinzenal sugere monitoramento de mudanças costeiras, erosão ou dinâmica de sedimentos típica de áreas estuarinas. A ausência de infraestrutura portuária significativa ou outras categorias específicas aponta para monitoramento de ambiente costeiro natural.",4,2022-06-26,2022-08-18,capella-3,https://capella-open-data.s3.amazonaws.com/stac/capella-open-data-by-datetime/capella-open-data-2022/capella-open-data-2022-06/capella-open-data-2022-06-26/CAPELLA_C03_SP_GEO_HH_20220626144356_20220626144417/thumbnail.png,https://radiantearth.github.io/stac-browser/#/external/capella-open-data.s3.amazonaws.com/stac/capella-open-data-by-datetime/capella-open-data-2022/capella-open-data-2022-06/capella-open-data-2022-06-26/CAPELLA_C03_SP_GEO_HH_20220626144356_20220626144417/CAPELLA_C03_SP_GEO_HH_20220626144356_20220626144417.json,CAPELLA_C03_SP_GEO_HH_20220626144356_20220626144417,False
39.45,-0.32,"Alboraia / Alboraya, Comunitat Valenciana, España",Zona Urbana,Alta,"A localização corresponde a Vera, um subúrbio de Alboraia/Alboraya na região metropolitana de València, Espanha. O padrão de monitoramento SAR de baixa frequência (62 dias) com resolução de 0.48m indica monitoramento urbano de rotina, não sendo compatível com atividades especializadas como mineração, portos ou bases militares que exigiriam maior frequência de observação.",4,2022-01-07,2022-07-12,capella-3,https://capella-open-data.s3.amazonaws.com/stac/capella-open-data-by-datetime/capella-open-data-2022/capella-open-data-2022-01/capella-open-data-2022-01-07/CAPELLA_C03_SP_GEO_HH_20220107205605_20220107205621/thumbnail.png,https://radiantearth.github.io/stac-browser/#/external/capella-open-data.s3.amazonaws.com/stac/capella-open-data-by-datetime/capella-open-data-2022/capella-open-data-2022-01/capella-open-data-2022-01-07/CAPELLA_C03_SP_GEO_HH_20220107205605_20220107205621/CAPELLA_C03_SP_GEO_HH_20220107205605_20220107205621.json,CAPELLA_C03_SP_GEO_HH_20220107205605_20220107205621,False
40.1,-123.5,"California, United States",Agricultura / Desmatamento,Média,"Localização em Trinity County, California, região conhecida por atividade agrícola e florestal. O monitoramento SAR de alta resolução (0.27m) durante 14 dias sugere acompanhamento de mudanças na cobertura vegetal ou uso do solo. A frequência de imageamento a cada 4.7 dias é típica para monitoramento de desmatamento ou práticas agrícolas sazonais.",4,2025-09-23,2025-10-07,capella-13,https://capella-open-data.s3.amazonaws.com/stac/capella-open-data-by-datetime/capella-open-data-2025/capella-open-data-2025-09/capella-open-data-2025-09-23/CAPELLA_C13_SP_GEO_VV_20250923031621_20250923031630/thumbnail.png,https://radiantearth.github.io/stac-browser/#/external/capella-open-data.s3.amazonaws.com/stac/capella-open-data-by-datetime/capella-open-data-2025/capella-open-data-2025-09/capella-open-data-2025-09-23/CAPELLA_C13_SP_GEO_VV_20250923031621_20250923031630/CAPELLA_C13_SP_GEO_VV_20250923031621_20250923031630.json,CAPELLA_C13_SP_GEO_VV_20250923031621_20250923031630,False
40.13,-75.05,"Bryn Athyn, Pennsylvania, United States",Zona Urbana,Média,"Localização em área administrativa de Bryn Athyn, Pennsylvania, região metropolitana densamente povoada. Monitoramento intensivo com alta resolução (0.342m) sugere interesse em desenvolvimento urbano ou infraestrutura civil. Ausência de características específicas de outras categorias aponta para zona urbana ou suburbana.",4,2024-12-12,2024-12-13,capella-10,https://capella-open-data.s3.amazonaws.com/stac/capella-open-data-by-datetime/capella-open-data-2024/capella-open-data-2024-12/capella-open-data-2024-12-12/CAPELLA_C10_SP_GEO_HH_20241212172529_20241212172554/thumbnail.png,https://radiantearth.github.io/stac-browser/#/external/capella-open-data.s3.amazonaws.com/stac/capella-open-data-by-datetime/capella-open-data-2024/capella-open-data-2024-12/capella-open-data-2024-12-12/CAPELLA_C10_SP_GEO_HH_20241212172529_20241212172554/CAPELLA_C10_SP_GEO_HH_20241212172529_20241212172554.json,CAPELLA_C10_SP_GEO_HH_20241212172529_20241212172554,False
40.66,-74.04,"New York, New York, United States",Área Portuária,Alta,"As coordenadas (40.6600, -74.0400) localizam-se no Brooklyn, Nova York, em região portuária próxima ao Red Hook Container Terminal e Brooklyn Army Terminal. O monitoramento SAR com resolução de 0.4m e frequência de 7.3 dias é típico para acompanhar movimentação de cargas e atividades portuárias em um dos principais complexos portuários dos Estados Unidos.",4,2021-06-29,2021-07-21,capella-2,https://capella-open-data.s3.amazonaws.com/stac/capella-open-data-by-datetime/capella-open-data-2021/capella-open-data-2021-06/capella-open-data-2021-06-29/CAPELLA_C02_SP_GEO_HH_20210629043240_20210629043306/thumbnail.png,https://radiantearth.github.io/stac-browser/#/external/capella-open-data.s3.amazonaws.com/stac/capella-open-data-by-datetime/capella-open-data-2021/capella-open-data-2021-06/capella-open-data-2021-06-29/CAPELLA_C02_SP_GEO_HH_20210629043240_20210629043306/CAPELLA_C02_SP_GEO_HH_20210629043240_20210629043306.json,CAPELLA_C02_SP_GEO_HH_20210629043240_20210629043306,False
41.35,2.17,España,Área Portuária,Alta,"As coordenadas (41.3500, 2.1700) correspondem ao Port Vell em Barcelona, Espanha, uma área portuária histórica e turística no Mediterrâneo. O monitoramento SAR com alta resolução (0.348m) e frequência regular de 4.3 dias é típico para acompanhamento de atividades portuárias, movimentação de embarcações e infraestrutura marítima. A localização costeira mediterrânea e a designação 'Port Vell' confirmam definitivamente se tratar de uma área portuária.",4,2020-12-31,2021-01-13,capella-2,https://capella-open-data.s3.amazonaws.com/stac/capella-open-data-by-datetime/capella-open-data-2020/capella-open-data-2020-12/capella-open-data-2020-12-31/CAPELLA_C02_SP_GEO_HH_20201231031006_20201231031030/thumbnail.png,https://radiantearth.github.io/stac-browser/#/external/capella-open-data.s3.amazonaws.com/stac/capella-open-data-by-datetime/capella-open-data-2020/capella-open-data-2020-12/capella-open-data-2020-12-31/CAPELLA_C02_SP_GEO_HH_20201231031006_20201231031030/CAPELLA_C02_SP_GEO_HH_20201231031006_20201231031030.json,CAPELLA_C02_SP_GEO_HH_20201231031006_20201231031030,False
42.24,-83.53,"Van Buren Charter Township, Michigan, United States",Zona Urbana,Média,"Local classificado como hamlet em área urbana de Michigan, com monitoramento SAR de alta resolução (0.39m) sugerindo estruturas construídas detalhadas. A frequência moderada de monitoramento e ausência de características específicas de outras categorias indica zona urbana/suburbana típica.",4,2021-08-15,2022-01-11,capella-2,https://capella-open-data.s3.amazonaws.com/stac/capella-open-data-by-datetime/capella-open-data-2021/capella-open-data-2021-08/capella-open-data-2021-08-15/CAPELLA_C02_SP_GEO_HH_20210815090211_20210815090234/thumbnail.png,https://radiantearth.github.io/stac-browser/#/external/capella-open-data.s3.amazonaws.com/stac/capella-open-data-by-datetime/capella-open-data-2021/capella-open-data-2021-08/capella-open-data-2021-08-15/CAPELLA_C02_SP_GEO_HH_20210815090211_20210815090234/CAPELLA_C02_SP_GEO_HH_20210815090211_20210815090234.json,CAPELLA_C02_SP_GEO_HH_20210815090211_20210815090234,False
44.89,-72.23,"Coventry, Vermont, United States",Agricultura / Desmatamento,Média,"Localização em Vermont, região conhecida pela atividade agrícola e florestal. O monitoramento SAR intensivo com alta resolução (0.38m) e frequência de 2.7 dias sugere acompanhamento de mudanças sazonais ou alterações na cobertura vegetal típicas de operações agrícolas ou florestais na região temperada do nordeste americano.",4,2022-06-18,2022-06-26,capella-6,https://capella-open-data.s3.amazonaws.com/stac/capella-open-data-by-datetime/capella-open-data-2022/capella-open-data-2022-06/capella-open-data-2022-06-18/CAPELLA_C06_SP_GEO_HH_20220618010220_20220618010245/thumbnail.png,https://radiantearth.github.io/stac-browser/#/external/capella-open-data.s3.amazonaws.com/stac/capella-open-data-by-datetime/capella-open-data-2022/capella-open-data-2022-06/capella-open-data-2022-06-18/CAPELLA_C06_SP_GEO_HH_20220618010220_20220618010245/CAPELLA_C06_SP_GEO_HH_20220618010220_20220618010245.json,CAPELLA_C06_SP_GEO_HH_20220618010220_20220618010245,False
19.39,-155.11,"Hawaii, United States",Vulcão / Atividade Geológica,Alta,"As coordenadas (19.39, -155.11) localizam-se na Big Island do Havaí, região conhecida pela intensa atividade vulcânica incluindo o Kilauea e Mauna Loa. O monitoramento SAR intensivo (a cada 2.5 dias) com alta resolução (0.32m) é consistente com vigilância de atividade geológica dinâmica, onde mudanças rápidas no terreno por fluxos de lava ou deformação vulcânica requerem acompanhamento frequente.",3,2025-02-05,2025-02-11,capella-13,https://capella-open-data.s3.amazonaws.com/stac/capella-open-data-by-datetime/capella-open-data-2025/capella-open-data-2025-02/capella-open-data-2025-02-05/CAPELLA_C13_SP_GEO_HH_20250205170351_20250205170426/thumbnail.png,https://radiantearth.github.io/stac-browser/#/external/capella-open-data.s3.amazonaws.com/stac/capella-open-data-by-datetime/capella-open-data-2025/capella-open-data-2025-02/capella-open-data-2025-02-05/CAPELLA_C13_SP_GEO_HH_20250205170351_20250205170426/CAPELLA_C13_SP_GEO_HH_20250205170351_20250205170426.json,CAPELLA_C13_SP_GEO_HH_20250205170351_20250205170426,False
19.39,-155.1,"Hawaii, United States",Vulcão / Atividade Geológica,Alta,"As coordenadas localizam-se no Havaí, região conhecida por intensa atividade vulcânica, especialmente na Big Island onde ficam os vulcões Kilauea e Mauna Loa. O monitoramento SAR intensivo com alta resolução (0.26m) a cada 2.5 dias é característico de vigilância de atividade geológica dinâmica, como fluxos de lava ou deformação do solo vulcânico.",3,2025-02-05,2025-02-11,capella-13,https://capella-open-data.s3.amazonaws.com/stac/capella-open-data-by-datetime/capella-open-data-2025/capella-open-data-2025-02/capella-open-data-2025-02-05/CAPELLA_C13_SP_SLC_HH_20250205170351_20250205170426/thumbnail.png,https://radiantearth.github.io/stac-browser/#/external/capella-open-data.s3.amazonaws.com/stac/capella-open-data-by-datetime/capella-open-data-2025/capella-open-data-2025-02/capella-open-data-2025-02-05/CAPELLA_C13_SP_SLC_HH_20250205170351_20250205170426/CAPELLA_C13_SP_SLC_HH_20250205170351_20250205170426.json,CAPELLA_C13_SP_SLC_HH_20250205170351_20250205170426,False
38.39,-0.41,"el Campello, Comunitat Valenciana, España",Costa / Oceano,Alta,"A localização corresponde à Platja de Mutxavista, uma área costeira em El Campello, Alicante, na região mediterrânea da Espanha. O monitoramento SAR de alta resolução (0.22m) com frequência de 4 dias sugere acompanhamento de dinâmica costeira, erosão ou mudanças na linha de costa. A classificação OSM como 'suburb' indica área residencial costeira, mas o foco do monitoramento está na interface mar-terra.",3,2025-05-29,2025-06-07,capella-13,https://capella-open-data.s3.amazonaws.com/stac/capella-open-data-by-datetime/capella-open-data-2025/capella-open-data-2025-05/capella-open-data-2025-05-29/CAPELLA_C13_SP_SLC_HH_20250529120751_20250529120800/thumbnail.png,https://radiantearth.github.io/stac-browser/#/external/capella-open-data.s3.amazonaws.com/stac/capella-open-data-by-datetime/capella-open-data-2025/capella-open-data-2025-05/capella-open-data-2025-05-29/CAPELLA_C13_SP_SLC_HH_20250529120751_20250529120800/CAPELLA_C13_SP_SLC_HH_20250529120751_20250529120800.json,CAPELLA_C13_SP_SLC_HH_20250529120751_20250529120800,False
39.54,-121.52,"California, United States",Agricultura / Desmatamento,Média,"A localização no condado de Butte, Califórnia, é uma região tradicionalmente agrícola com clima temperado favorável ao cultivo. O padrão de monitoramento SAR com alta resolução (0.38m) e frequência moderada (40 dias) sugere acompanhamento de mudanças sazonais típicas de atividades agrícolas ou monitoramento de desmatamento/mudanças no uso da terra.",3,2024-07-11,2024-09-29,"capella-10, capella-14",https://capella-open-data.s3.amazonaws.com/stac/capella-open-data-by-datetime/capella-open-data-2024/capella-open-data-2024-07/capella-open-data-2024-07-11/CAPELLA_C10_SP_GEO_HH_20240711101030_20240711101104/thumbnail.png,https://radiantearth.github.io/stac-browser/#/external/capella-open-data.s3.amazonaws.com/stac/capella-open-data-by-datetime/capella-open-data-2024/capella-open-data-2024-07/capella-open-data-2024-07-11/CAPELLA_C10_SP_GEO_HH_20240711101030_20240711101104/CAPELLA_C10_SP_GEO_HH_20240711101030_20240711101104.json,CAPELLA_C10_SP_GEO_HH_20240711101030_20240711101104,False
-33.68,150.72,"New South Wales, Australia",Zona Urbana,Média,"Localização em Londonderry, subúrbio de Sydney (NSW), com monitoramento SAR intensivo de alta resolução (0.325m) sugere área urbana em desenvolvimento ou expansão. A ausência de indicadores específicos de outras categorias (mineração, agricultura, portos) e a classificação OSM como limite administrativo reforçam tratar-se de zona urbana suburbana.",2,2023-02-15,2023-02-15,capella-8,https://capella-open-data.s3.amazonaws.com/stac/capella-open-data-by-datetime/capella-open-data-2023/capella-open-data-2023-02/capella-open-data-2023-02-15/CAPELLA_C08_SP_GEO_HH_20230215231844_20230215231908/thumbnail.png,https://radiantearth.github.io/stac-browser/#/external/capella-open-data.s3.amazonaws.com/stac/capella-open-data-by-datetime/capella-open-data-2023/capella-open-data-2023-02/capella-open-data-2023-02-15/CAPELLA_C08_SP_GEO_HH_20230215231844_20230215231908/CAPELLA_C08_SP_GEO_HH_20230215231844_20230215231908.json,CAPELLA_C08_SP_GEO_HH_20230215231844_20230215231908,False
-26.83,151.17,"Queensland, Australia",Agricultura / Desmatamento,Alta,"A localização é classificada como 'farm' no OpenStreetMap em Queensland, região conhecida por atividade agropecuária. O monitoramento SAR intensivo com alta resolução (0.59m) sugere acompanhamento de mudanças na cobertura vegetal ou práticas agrícolas sazonais típicas do clima subtropical da região.",2,2021-07-07,2021-07-07,capella-3,https://capella-open-data.s3.amazonaws.com/stac/capella-open-data-by-datetime/capella-open-data-2021/capella-open-data-2021-07/capella-open-data-2021-07-07/CAPELLA_C03_SP_GEO_HH_20210707121207_20210707121238/thumbnail.png,https://radiantearth.github.io/stac-browser/#/external/capella-open-data.s3.amazonaws.com/stac/capella-open-data-by-datetime/capella-open-data-2021/capella-open-data-2021-07/capella-open-data-2021-07-07/CAPELLA_C03_SP_GEO_HH_20210707121207_20210707121238/CAPELLA_C03_SP_GEO_HH_20210707121207_20210707121238.json,CAPELLA_C03_SP_GEO_HH_20210707121207_20210707121238,False
-14.51,132.39,"Tindal, Australia",Base Militar,Alta,"Tindal é conhecidamente a localização da RAAF Base Tindal, uma importante base aérea da Real Força Aérea Australiana no Território do Norte. O uso de múltiplas plataformas SAR de alta resolução (0.38m) e o padrão de monitoramento espaçado sugerem interesse em instalações militares estratégicas. A ausência de artigos Wikipedia num raio de 100km indica área remota e potencialmente restrita, típica de bases militares.",2,2023-07-25,2023-11-24,"capella-9, capella-10",https://capella-open-data.s3.amazonaws.com/stac/capella-open-data-by-datetime/capella-open-data-2023/capella-open-data-2023-07/capella-open-data-2023-07-25/CAPELLA_C09_SP_GEO_HH_20230725072736_20230725072802/thumbnail.png,https://radiantearth.github.io/stac-browser/#/external/capella-open-data.s3.amazonaws.com/stac/capella-open-data-by-datetime/capella-open-data-2023/capella-open-data-2023-07/capella-open-data-2023-07-25/CAPELLA_C09_SP_GEO_HH_20230725072736_20230725072802/CAPELLA_C09_SP_GEO_HH_20230725072736_20230725072802.json,CAPELLA_C09_SP_GEO_HH_20230725072736_20230725072802,False
19.37,-155.2,"Hawaii, United States",Vulcão / Atividade Geológica,Alta,"As coordenadas (19.37, -155.20) localizam-se na Big Island do Havaí, região conhecida mundialmente por atividade vulcânica intensa, incluindo o Kilauea e Mauna Loa. O monitoramento SAR intensivo com alta resolução (0.35m) é característico de vigilância geológica para detectar deformações do terreno, fluxos de lava e mudanças topográficas associadas à atividade vulcânica. A ausência de artigos Wikipedia em 100km sugere área remota/natural, consistente com zonas vulcânicas ativas.",2,2024-10-10,2024-10-10,capella-13,https://capella-open-data.s3.amazonaws.com/stac/capella-open-data-by-datetime/capella-open-data-2024/capella-open-data-2024-10/capella-open-data-2024-10-10/CAPELLA_C13_SP_GEO_HH_20241010111409_20241010111443/thumbnail.png,https://radiantearth.github.io/stac-browser/#/external/capella-open-data.s3.amazonaws.com/stac/capella-open-data-by-datetime/capella-open-data-2024/capella-open-data-2024-10/capella-open-data-2024-10-10/CAPELLA_C13_SP_GEO_HH_20241010111409_20241010111443/CAPELLA_C13_SP_GEO_HH_20241010111409_20241010111443.json,CAPELLA_C13_SP_GEO_HH_20241010111409_20241010111443,False
34.8,-118.07,"California, United States",Zona Urbana,Média,"Localização no condado de Los Angeles, California, uma das maiores áreas metropolitanas dos EUA, sugere zona urbana densamente povoada. O monitoramento intensivo com alta resolução (0.35m) indica interesse em mudanças urbanas rápidas ou eventos específicos na região metropolitana. Sem imagem disponível para confirmar estruturas específicas, a classificação baseia-se na característica administrativa urbana da área.",2,2024-06-08,2024-06-08,capella-14,https://capella-open-data.s3.amazonaws.com/stac/capella-open-data-by-datetime/capella-open-data-2024/capella-open-data-2024-06/capella-open-data-2024-06-08/CAPELLA_C14_SP_GEO_VV_20240608081045_20240608081110/thumbnail.png,https://radiantearth.github.io/stac-browser/#/external/capella-open-data.s3.amazonaws.com/stac/capella-open-data-by-datetime/capella-open-data-2024/capella-open-data-2024-06/capella-open-data-2024-06-08/CAPELLA_C14_SP_GEO_VV_20240608081045_20240608081110/CAPELLA_C14_SP_GEO_VV_20240608081045_20240608081110.json,CAPELLA_C14_SP_GEO_VV_20240608081045_20240608081110,False
39.53,-121.51,"California, United States",Agricultura / Desmatamento,Alta,"Localização em Butte County, California, região conhecida por atividade agrícola intensiva no Vale Central da Califórnia. A alta resolução SAR (0.38m) com múltiplas plataformas sugere monitoramento de mudanças sazonais em cultivos ou detecção de alterações no uso da terra agrícola. O padrão de monitoramento de 8 dias é típico para acompanhamento de ciclos agrícolas e possível desmatamento para expansão de áreas cultiváveis.",2,2024-08-08,2024-08-17,"capella-10, capella-14",https://capella-open-data.s3.amazonaws.com/stac/capella-open-data-by-datetime/capella-open-data-2024/capella-open-data-2024-08/capella-open-data-2024-08-08/CAPELLA_C10_SP_GEO_HH_20240808235903_20240808235927/thumbnail.png,https://radiantearth.github.io/stac-browser/#/external/capella-open-data.s3.amazonaws.com/stac/capella-open-data-by-datetime/capella-open-data-2024/capella-open-data-2024-08/capella-open-data-2024-08-08/CAPELLA_C10_SP_GEO_HH_20240808235903_20240808235927/CAPELLA_C10_SP_GEO_HH_20240808235903_20240808235927.json,CAPELLA_C10_SP_GEO_HH_20240808235903_20240808235927,False
34.8,-118.1,"California, United States",Zona Urbana,Média,"As coordenadas apontam para Los Angeles County, uma das maiores áreas metropolitanas dos EUA, em região subtropical com alta densidade populacional. A alta resolução SAR (0.32m) e monitoramento intensivo sugerem interesse em infraestrutura urbana crítica ou desenvolvimento urbano específico na região.",1,2025-06-15,2025-06-15,capella-13,https://capella-open-data.s3.amazonaws.com/stac/capella-open-data-by-datetime/capella-open-data-2025/capella-open-data-2025-06/capella-open-data-2025-06-15/CAPELLA_C13_SP_GEO_VV_20250615152140_20250615152152/thumbnail.png,https://radiantearth.github.io/stac-browser/#/external/capella-open-data.s3.amazonaws.com/stac/capella-open-data-by-datetime/capella-open-data-2025/capella-open-data-2025-06/capella-open-data-2025-06-15/CAPELLA_C13_SP_GEO_VV_20250615152140_20250615152152/CAPELLA_C13_SP_GEO_VV_20250615152140_20250615152152.json,CAPELLA_C13_SP_GEO_VV_20250615152140_20250615152152,False
34.8,-118.09,"California, United States",Zona Urbana,Alta,"As coordenadas apontam para Los Angeles County, uma das maiores áreas metropolitanas dos EUA. A resolução SAR extremamente alta (0.22m) e o monitoramento intensivo sugerem interesse em infraestrutura urbana crítica ou desenvolvimento urbano em região densamente povoada da Califórnia.",1,2025-06-15,2025-06-15,capella-13,https://capella-open-data.s3.amazonaws.com/stac/capella-open-data-by-datetime/capella-open-data-2025/capella-open-data-2025-06/capella-open-data-2025-06-15/CAPELLA_C13_SP_SLC_VV_20250615152140_20250615152152/thumbnail.png,https://radiantearth.github.io/stac-browser/#/external/capella-open-data.s3.amazonaws.com/stac/capella-open-data-by-datetime/capella-open-data-2025/capella-open-data-2025-06/capella-open-data-2025-06-15/CAPELLA_C13_SP_SLC_VV_20250615152140_20250615152152/CAPELLA_C13_SP_SLC_VV_20250615152140_20250615152152.json,CAPELLA_C13_SP_SLC_VV_20250615152140_20250615152152,False
